Asset ID,Common Name,Scientific Name,Botanical & Invasive Status,Mechanism,Target Contaminants,Mechanism & Traits,Growing Conditions,Phenological Maturation Window,Operational & Ecological Risks,Translocation Factor (TF),Root Bioconcentration Factor (BCF),Mycorrhizal Inoculant,Soil Cation Exchange Capacity (CEC),Root Exudate Chemistry,Wildlife Attraction,Biosecurity Risk / IVM Risk Priority Level
PLNT-007,Corato / Maypole,Agave caymanensis,Strictly Endemic - Grand Cayman,"Phytostabilization, Phytoextraction.","Lead (Pb), Cadmium (Cd), Salinity
[Src: ResearchGate 348562220, PMC 11490803]","Utilizes Crassulacean acid metabolism (CAM) photosynthesis to minimize transpirational water loss, and features a deep taproot that anchors firmly in xeric limestone substrates.","Grand Cayman Ironshore / Xeric Limestone; Very Low water; Rocky, limestone, well-drained, pH 7.0–8.5; Extreme salt, wind & drought; Fibrous root system; Max Root Depth: 1.6–3.3 ft","8–15+ years to vegetative maturity; monocarpic flowering event (May–Aug) producing a 13–26 ft paniculate inflorescence, followed by seed/bulbil dispersal and plant senescence.",Possesses spiky leaves that can present a physical hazard.,"<1
[Src: Int. J. Phytoremediation 2020, Ecol. Eng. 2018]","Moderate BCF for heavy metals; relies on deep taproots for survival.
[Src: ResearchGate 348562220, Ecol. Eng. 2018]",AM Fungi,"Root turnover and exudates in xeric limestone environments gradually increase localized SOM, which slightly improves the CEC.
[Src: J. Arid Environ. 2019, Ecol. Eng. 2021]","Produces saponins and fructans, and supports hydrocarbon-degrading microbial communities via root exudation.
[Src: J. Arid Environ. 2020, Plant Biol. 2022]","Waterhouse's Leaf-nosed Bat, Bananaquit, Cayman Blue Anole",Level 1: LOW — Grand Cayman endemic & endangered; non-invasive; high conservation value. Action: Protect native stock; establish a 5 ft perimeter clearance around sharp marginal spines.
PLNT-008,Silver Thatch Palm,Coccothrinax proctorii,Endemic - Grand Cayman,"Phytostabilization, Rhizodegradation.","Soil Erosion, Aqueous Plumes
[Src: MDPI 2073-4441, PMC 11490803]","Features a dense fibrous root architecture that mitigates surface erosion, and its high tensile strength confers extreme cyclonic wind resistance.","Grand Cayman Xeric Limestone / Coastal Woodlands; Slow-growing, full sun, rocky soils; Low water; Limestone, sandy soils, pH 7.0–8.5; Extreme wind; High salt & drought; Solitary trunk, Tree Height: up to 33 ft; Fibrous, shallow; Max Root Depth: 3.3–6.6 ft",10–12 years to reproductive maturity; slow growth rate; flowering spikes emerge spring to early summer (Apr–Jun); globose drupes ripen in autumn (Sep–Nov).,"Exhibits a slow growth rate, potentially delaying stabilization benefits.","<0.5
[Src: Plant Soil 2017, J. Hazard. Mater. 2022]","Low BCF; mitigates surface erosion through dense fibrous roots.
[Src: MDPI 2073-4441, Plant Soil 2017]",AM Fungi,"The dense fibrous root system adds particulate organic matter to the rhizosphere, marginally increasing the CEC in calcareous soils.
[Src: Plant Soil 2017, Geoderma 2020]","Secretes mucilage and low-molecular-weight organic acids that stabilize calcareous rhizosphere complexes.
[Src: Rhizosphere 2019, Geoderma 2021]","Cayman Parrot, White-crowned Pigeon, Endemic Bats",Level 1: LOW — Grand Cayman endemic national tree; strictly non-invasive; endangered status. Action: Full conservation priority; zero biosecurity controls required.
PLNT-022,Beach Morning Glory,Ipomoea pes-caprae,Native - Grand Cayman,"Phytostabilization, Phytodegradation.","Petroleum Hydrocarbons, Chromium (Cr), Cadmium (Cd), Lead (Pb), Particulates
[Src: ResearchGate 346901470, PubMed 14560392]","Exhibits rapid stoloniferous surface colonization that limits eolian dispersion, along with halophytic traits including salt compartmentalization and excretion.","Grand Cayman Coastal Dunes / Sandy Beaches; Low water; Sandy, saline, pH 6.5–8.5; Extreme salt, wind & drought; Taproot with adventitious roots; Max Root Depth: 1.6–3.3 ft",6–12 months to maturity; rapid stoloniferous spread; opportunistic year-round flowering with peak anthesis from May to November; capsules mature in 30–60 days.,"Can exhibit aggressive growth, potentially outcompeting other species.",">1 for Pb, Zn
[Src: Chemosphere 2021, Environ. Pollut. 2020]","High BCF for heavy metals; effective phytoextractor with Pb BCF up to 20.74.
[Src: PubMed 25363516, JAIR 2014]",AM Fungi,"Rapid biomass turnover and stolon decomposition increase SOM, significantly enhancing the CEC in sandy dune ecosystems.
[Src: Estuar. Coast. Shelf Sci. 2019, Ecol. Eng. 2021]","Secretes organic acids to mobilize heavy metals, and accumulates osmolytes to enhance salinity tolerance.
[Src: ResearchGate 51878053, Chemosphere 2020]","Cayman Pygmy Blue Butterfly, Sphinx Moths, Local Bees",Level 2: MEDIUM — Grand Cayman native pioneer; high rate of lateral stoloniferous spread. Action: Bi-monthly mechanical trimming along containment borders to prevent overtopping of smaller shrubs.
PLNT-029,Black Sage,Cordia bullata,Native - Grand Cayman,"Phytostabilization, Phytodegradation.","Particulate Matter (PM), Surface Sediments
[Src: PMC 11490803, MDPI 2073-4441]","Maintains a dense foliar canopy that facilitates particulate matter (PM) interception and deposition, and exhibits pronounced xerophytic drought tolerance.","Grand Cayman Coastal Thickets / Calcareous Soils; Low water; Calcareous, well-drained, pH 7.0–8.5; High wind & drought; Taproot; Max Root Depth: 3.3–6.6 ft",1–2 years to maturity; perennial shrub; opportunistic flowering triggered by precipitation (peak Apr–Oct); fleshy red drupes mature 4–6 weeks post-flowering.,Poses no significant operational or ecological risks.,"<1
[Src: Bot. Rev. 2016, Environ. Sci. Pollut. Res. 2021]","Low BCF; intercepts particulate matter via foliar canopy.
[Src: PMC 11490803, Bot. Rev. 2016]",AM Fungi,"Xerophytic leaf litter deposition and breakdown contribute to humic substances, increasing the CEC in calcareous thickets.
[Src: J. Environ. Manage. 2018, Soil Biol. Biochem. 2020]","Releases phenolic compounds and organic acids that promote the microbial weathering of calcareous substrates.
[Src: Plant Soil 2018, Bot. Rev. 2021]","Cayman Parrot, Bananaquit, Endemic Butterflies",Level 1: LOW — Grand Cayman native coastal thicket component; non-invasive; supports native pollinators. Action: Routine health monitoring; no containment needed.
PLNT-015,Black Mangrove,Avicennia germinans,Native - Grand Cayman,"Phytostabilization, Rhizofiltration, Phytoextraction.","Heavy Metals: Cadmium (Cd), Lead (Pb), Arsenic (As)
[Src: ResearchGate 344053638, ACS Poster 618805]","Performs rhizospheric heavy metal sequestration via root exudates, while specialized pneumatophores facilitate gas exchange in anoxic, hyper-saline substrates.","Grand Cayman Coastal Wetlands / Mangrove Swamps; High water; Anaerobic saline mud, pH 6.0–8.5; Extreme salt & anaerobic conditions; High wind; Shallow cable roots with pneumatophores; Max Root Depth: 3.3–6.6 ft",3–5 years to reproductive maturity; white flowers bloom late spring to mid-summer (May–Jul); cryptoviviparous propagules mature and drop during autumn high tides (Sep–Nov).,"Pneumatophores can spread extensively, potentially interfering with other structures.",">1 for Cu, Zn
[Src: Mar. Pollut. Bull. 2022, Estuar. Coast. Shelf Sci. 2019]","BCF > 1 for Cu, Ni, Sr, Zr, Cl; acts as a strong accumulator in roots.
[Src: ScholarHub UI Vol21, JTLS 69/86]",AM Fungi,"High sediment stability and organic matter accumulation from pneumatophores and litterfall significantly enhance the CEC in anaerobic muds.
[Src: Mar. Pollut. Bull. 2021, Estuar. Coast. Shelf Sci. 2020]","Releases organic ligands and sugars that nourish plant growth-promoting rhizobacteria (PGPRs) and detoxify heavy metals.
[Src: PMC11493069, PMC9332818]","Mangrove Crabs, West Indian Whistling Duck, Snowy Egret",Level 1: LOW — Grand Cayman native mangrove wetland species; non-invasive; critical estuarine habitat. Action: Maintain natural tidal flushing; protect the pneumatophore network.
PLNT-001,Buttonwood,Conocarpus erectus,Native - Grand Cayman,"Phytostabilization, Phytoextraction.","Heavy Metals: Pb, Cd, Zn, Fe, Ni, Cu; Coastal Erosion
[Src: PubMed 40020447, PMC 11471550]","Immobilizes heavy metals via root-level precipitation, and utilizes extensive adventitious and lateral root systems to stabilize coastal margins.","Grand Cayman Coastal Strand & Mangrove Transition; Moderate-growing, full sun, tolerates brackish water; Brackish / Saline, low nutrients; Coastal Sand / Brackish, pH 6.5–9.0; Extreme salt, wind & drought; Hyper-saline groundwater; Spreading multi-trunked shrub/tree, Tree Height: up to 40 ft; Shallow spreading roots; Max Root Depth: up to 6.6 ft",2–4 years to maturity; evergreen woody species; blooms spring through late summer (Apr–Aug); dense cone-like seed heads ripen and fragment year-round.,"Features aggressive roots that can damage infrastructure or pipes, deplete groundwater, and choke native shrubs; its flammable oils also present a fire risk.",">1 for Pb, Cd
[Src: Int. J. Phytoremediation 2023, J. Environ. Manage. 2020]","BCFr < 1 for Pb; BCFs > 1 for Cd. Accumulates Na and K.
[Src: PMC 11471550, ResearchGate 384467749]",AM Fungi,"Constant leaf litterfall and extensive root systems increase SOM and humic acids, boosting the CEC in brackish coastal soils.
[Src: Agrofor. Syst. 2019, J. Environ. Manage. 2021]","Produces gallic acid, rutin, and rosmarinic acid, and exhibits high peroxidase and catalase enzymatic activity.
[Src: PMC12463838, ResearchGate 376715829]","Grand Cayman Blue Iguana, Vitelline Warbler",Level 2: MEDIUM — Grand Cayman native with aggressive root systems and combustible resinous foliage. Action: Enforce a 16 ft setback from subterranean pipes and foundations; conduct seasonal fire-fuel clearing.
PLNT-004,White Mangrove,Laguncularia racemosa,Native - Grand Cayman,"Phytostabilization, Rhizofiltration, Phytoextraction.","Heavy Metals: Aluminum (Al), Lead (Pb), Zinc (Zn); Eutrophic Nutrients
[Src: PMC 10038979, MDPI 2073-4441]","Facilitates rhizofiltration of eutrophic nutrients and heavy metals, with facultative pneumatophore development in inundated anaerobic soils.","Grand Cayman Tidal Zones / Saline Lagoons; Tidal inundation, high nutrients; Mud / Sand / Brackish, pH 6.0–8.5; High salt & wind; Saturated brackish mud; Shallow spreading roots; Max Root Depth: up to 3.3 ft",2–4 years to maturity; bell-shaped flowers bloom late spring through summer (May–Aug); greenish-ribbed viviparous drupes mature and disperse from September to October.,Highly sensitive to extreme temperature fluctuations and freezing; also vulnerable to altered hydrology and oil spills.,"<1
[Src: Mar. Pollut. Bull. 2021, Wetl. Ecol. Manag. 2018]","Moderate BCF; acts as a phytostabilizer by retaining metals in roots.
[Src: JTLS 69/86, Wetl. Ecol. Manag. 2018]",None,"Litter input accelerates nutrient cycling and contributes to sediment organic carbon, enhancing the CEC in tidal zones.
[Src: Front. Plant Sci. 2024, Mar. Pollut. Bull. 2022]","Exudes low-molecular-weight organic acids and phenolic compounds, and maintains a high superoxide dismutase (SOD) antioxidant defense.
[Src: Frontiers fpls.2024.1463548, Mar. Pollut. Bull. 2022]","Fiddler Crabs, Green Heron, Estuarine Fish",Level 1: LOW — Grand Cayman native wetland species; non-invasive; high phytoremediation tolerance. Action: Protect hydrological connectivity; no invasive controls required.
PLNT-038,Inkberry,Scaevola plumieri,Native - Grand Cayman,"Phytostabilization, Phytoextraction.","Aerosolized Salinity, Coastal Erosion
[Src: MDPI 2073-4441, PMC 11490803]",Contributes to dune stabilization via a deep taproot and lateral spread; its succulent leaf morphology enhances cellular water retention under saline stress.,"Grand Cayman Coastal Dunes; Xeric, low nutrients; Coastal Sand, pH 6.5–8.5; Extreme salt & drought; High wind; Deep taproot, lateral spread; Max Root Depth: 3.3–6.6 ft",1–2 years to maturity; continuous flowering and fruiting cycles with peak activity Apr–Oct; dark purple fleshy drupes mature 4–8 weeks post-bloom.,Highly vulnerable to competitive displacement by invasive species and sensitive to human trampling on dunes.,"<1
[Src: J. Coast. Res. 2019, Ecol. Eng. 2020]","Low BCF; stabilizes dunes via deep taproot and lateral spread.
[Src: MDPI 2073-4441, J. Coast. Res. 2019]",None,"Root exudation and detritus trapping in dune systems provide minor increases to localized SOM and CEC.
[Src: J. Coast. Res. 2019, Plant Soil 2020]","Secretes root mucilage and amino acids that enhance sand particle aggregation and improve water retention.
[Src: J. Coast. Res. 2019, Rhizosphere 2021]","Northern Mockingbird, Curly-tailed Lizard",Level 3: CRITICAL — IVM Level 3 infrastructure risk on Grand Cayman dune works; creeping adventitious stems disrupt engineered sand berm embankments and fleshy drupes bioaccumulate contaminants. Action: Grub prostrate runners within 15 ft of dune works; manual uprooting prior to fruit set.
PLNT-006,Seaside Purslane,Sesuvium portulacastrum,Native - Grand Cayman,"Phytostabilization, Phytoextraction.","Salinity, Petroleum Hydrocarbons, Heavy Metals (Pb, Cs, Cr, Zn, Fe, Mn, Cu, Ni, Cd)
[Src: PubMed 40064723, MDPI 2071-1050]","Features a prostrate halophytic growth habit that seals bare substrates, and maintains high root exudation rates to facilitate rhizospheric metal complexation.","Grand Cayman Coastal Sands & Marl Flats; Low water; Coastal sand and marl, pH 6.5–9.0; Extreme salt spray, wind & drought; Direct marl, raw leachate; Taproot with adventitious roots from nodes; Max Root Depth: 1.6–3.3 ft",2–4 months to reproductive maturity; rapid vegetative rooting from nodes; blooms year-round with peak flower production during warm wet months (Apr–Oct).,Growth is inhibited by high antibiotic or sulfonamide residues and extreme heavy metal concentrations; also susceptible to root rot.,">1 for Ni, Cu
[Src: Environ. Exp. Bot. 2022, Chemosphere 2021]","High BCF for Cd (341.5) and Cu (211.9); hyperaccumulator in saline soils.
[Src: PubMed 28858703, ResearchGate 404230582]",AM Fungi,"Halophytic organic matter deposition and high root exudation rates improve soil structure and the CEC in saline substrates.
[Src: Environ. Exp. Bot. 2021, Chemosphere 2022]","Exhibits high phenolic content and ecdysteroid production, along with the accumulation of osmolytes such as proline and glycine betaine.
[Src: PMC11194377, ResearchGate 256469445]","Grand Cayman Blue Iguana, Coastal Bees",Level 1: LOW — Grand Cayman native halophyte groundcover; non-invasive; excellent ground-sealing capacity. Action: Open growth monitoring; no restrictions needed.
PLNT-040,Beach Pea / Dune Bean,Canavalia rosea,Native / Invasive - Grand Cayman,"Phytostabilization, Phytostimulation.","Heavy Metals, Mine Tailings, Pesticides
[Src: PMC 12566846, MDPI 2223-7747]","Utilizes symbiotic nitrogen fixation to enrich oligotrophic soils, while stoloniferous growth modulates surface energy fluxes and enhances antioxidant defenses.","Grand Cayman Coastal Dunes & Sandy Berms; Low water; Coastal sand, pH 6.5–8.8; Extreme drought & salt spray; High wind; Taproot with extensive lateral spread; Max Root Depth: 3.3–6.6 ft",3–6 months to maturity; aggressive trailing growth; purple papilionaceous flowers bloom year-round (peak Jun–Dec); large buoyant dehiscent pods mature in 2–3 months.,"Highly susceptible to trampling and urbanization; high iron exposure causes iron plaque formation on roots, which decreases growth.","<1
[Src: Int. J. Phytoremediation 2020, Ecotoxicol. Environ. Saf. 2019]","Low BCF; enriches oligotrophic soils via nitrogen fixation.
[Src: MDPI 2223-7747, Int. J. Phytoremediation 2020]",AM Fungi & Rhizobium,"Symbiotic nitrogen fixation and stoloniferous biomass turnover enrich oligotrophic soils, significantly increasing the CEC.
[Src: Int. J. Phytoremediation 2020, Soil Biol. Biochem. 2021]","Exudes flavonoids and Nod factors to attract rhizobia, and releases organic acids for effective metal complexation.
[Src: Int. J. Phytoremediation 2020, Soil Biol. Biochem. 2022]","Carpenter Bees, Local Coastal Butterflies",Level 2: MEDIUM — Grand Cayman native dune vine; rapid stolon elongation. Action: Quarterly trimming around young tree plantings to prevent vine smothering.
PLNT-009,Wild Canna / Indian Shot,Canna indica,Native / Adapted - Grand Cayman,"Phytostabilization, Phytoextraction, Rhizofiltration.","Heavy Metals (Pb, Ni, Zn, Cd, Cr, Cu, Ba, Co), Phosphates
[Src: Semantic Scholar, ResearchGate 311434801]","Exhibits rapid macrophyte biomass accumulation in wetland matrices, and utilizes an extensive rhizomatous network to enhance nutrient stripping and metal phytoextraction.","Grand Cayman Wetlands & Bioswales; High water; Moist soils, pH 5.5–8.5; Medium wind; Low salt; Wet marl, brackish water, high toxicity; Rhizomatous root system; Max Root Depth: 1.6–3.3 ft","3–6 months to flowering from rhizomes; continuous blooming cycle Mar–Nov; persistent capsules dehisce heavy, hard black seeds within 6–8 weeks.","Highly invasive in waterways, potentially displacing native species; susceptible to Canna rust and Canna leaf roller pests.",">1 for Pb, Zn
[Src: Ecol. Eng. 2021, J. Environ. Manage. 2022]","BCF > 1 (up to 81.16 for Pb); high accumulation in wetland systems.
[Src: MDPI 2673-7159, ResearchGate 311434801]",AM Fungi,"High root surface area and rapid macrophyte biomass turnover increase SOM, enhancing cation exchange and nutrient removal in wetlands.
[Src: Ecol. Eng. 2021, J. Environ. Manage. 2022]","Releases carbohydrates, amino acids, and organic acids to mitigate chromium (Cr) toxicity and stress.
[Src: PMC10465350, FMICB2023]","Bananaquit, Sphinx Moths",Level 1: LOW — IVM Level 1 buffer & groundcover in Grand Cayman bioswales; non-invasive rhizomatous soil binder with low infrastructure threat. Action: Thin out clumps when rhizome beds exceed 30% of the swale channel cross-section; solarize divided rhizome segments.
PLNT-042,Quickstick / Saint Vincent,Gliricidia sepium,Cultivated / Invasive - Grand Cayman,"Phytostabilization, Phytoextraction, Phytostimulation.","Heavy Metals (Fe, Cu, Pb, Zn, Hg, Cd), Spent Engine Oil
[Src: Springer, PMC 11835935]","Utilizes leguminous nitrogen fixation to enhance soil fertility, and relies on robust root-to-shoot translocation factors to drive heavy metal phytoextraction.","Grand Cayman Disturbed Soils & Upland Perimeter; Low water; Versatile calcareous/rocky soils, pH 5.5–8.5; Medium salt & wind; Drought tolerant once established; Deep taproot system; Max Root Depth: 6.6–10 ft",1–2 years to reproductive maturity; deciduous dry season flowering (Dec–Mar) on bare branches; pods mature and explosively dehisce seeds late in the dry season (Mar–May).,"Can become weedy if unmanaged, requiring frequent pruning to prevent shading out understory crops.","<1
[Src: Agrofor. Syst. 2019, Environ. Sci. Pollut. Res. 2020]","Bioaccumulates heavy metals in roots (Fe > Pb > Zn > Cu).
[Src: PubMed 36595178, ResearchGate 366846512]",AM Fungi & Rhizobium,"Leguminous green manure and leaf mulch decomposition significantly increase total soil carbon, organic matter, and the CEC.
[Src: MDPI Forests 2023, Agric. Ecosyst. Environ. 2010]","Secretes coumarins, flavonoids, and specific root exudates that stimulate metal-solubilizing rhizobacteria.
[Src: Agrofor. Syst. 2019, Plant Soil 2021]","Honeybees, Bananaquit",Level 3: CRITICAL — Introduced / Naturalized in Grand Cayman; aggressive seeder and rapid coppicer. Action: Mandatory annual pollarding before pod dehiscence; eliminate self-sown saplings beyond the target zone.
PLNT-025,Dogwood,Piscidia piscipula,Native - Grand Cayman,"Phytostabilization, Rhizodegradation.","Sterile Substrates, Nitrogen Depletion
[Src: PMC 11490803, MDPI 2073-4441]","Performs symbiotic nitrogen fixation to ameliorate sterile calcareous substrates, and utilizes a deep taproot architecture to provide structural stabilization.","Grand Cayman Dry Limestone Forests / Coastal Thickets; Moderate-growing, full sun, well-drained soil; High salt & wind; Dense rounded canopy, Tree Height: up to 26 ft; Deep taproot rock binder; Max Root Depth: 3.3–6.6 ft",4–6 years to maturity; deciduous spring bloom (Apr–May) coinciding with leaf emergence; characteristic 4-winged straw-colored pods mature from June to August.,"Contains rotenone (a piscicide) which is highly toxic to fish, posing an ecological risk if planted near sensitive aquatic habitats.","<0.5
[Src: Plant Soil 2018, Int. J. Phytoremediation 2021]","Low BCF; ameliorates sterile calcareous substrates via nitrogen fixation.
[Src: PMC 11490803, Plant Soil 2018]",AM Fungi & Rhizobium,"Nitrogen-fixing root nodules and deciduous leaf litter improve SOM fractions, raising the CEC in sterile calcareous substrates.
[Src: Plant Soil 2018, Agrofor. Syst. 2020]","Produces rotenoids, flavonoids, and organic acids that actively modulate rhizosphere microbial communities.
[Src: Phytochemistry 2018, Plant Soil 2020]","Cayman Parrot, Endemic Butterflies","Level 2: MEDIUM — Grand Cayman native tree; non-invasive growth habit, but tissues contain toxic rotenone. Action: Restrict planting to >50 ft from open water bodies to avoid aquatic ecotoxicity."
PLNT-030,Seashore Paspalum,Paspalum vaginatum,Native / Adapted - Grand Cayman,"Phytostabilization, Phytodegradation.","Lead (Pb), Stormwater Runoff
[Src: PMC 11835935, MDPI 2073-4441]",Forms a dense halophytic turf that facilitates high-velocity stormwater biofiltration and phytodegradation of surface runoff contaminants.,"Grand Cayman Saline Marshes & Stormwater Swales; Full sun, saline moist-to-well-drained soil; Moderate salt & wind; Dense halophytic sod, Turf Height: up to 1 ft; Max Root Depth: 3.3–6.6 ft",2–4 months to dense turf maturity; inflorescences produced summer to autumn (Jun–Oct); reproduces and spreads almost exclusively via vigorous stolons and rhizomes.,"Can become invasive in certain regions, requiring careful management.","<1
[Src: J. Environ. Manage. 2022, Chemosphere 2020]","High accumulation of Na+ and K+ for osmotic adjustment.
[Src: ResearchGate 339331916, Chemosphere 2020]",AM Fungi,"Dense halophytic turf and root turnover increase particulate organic matter, enhancing the CEC in sandy loam soils.
[Src: MDPI Biology 2022, Chemosphere 2021]","Accumulates trehalose and demonstrates high root antioxidant enzyme activity, including superoxide dismutase (SOD) and peroxidase (POD).
[Src: PubMed 36513676, ResearchGate 339331916]","West Indian Whistling Duck, Blue-winged Teal",Level 2: MEDIUM — Grand Cayman native / adapted; aggressive stoloniferous sod-former. Action: Install 0.5 ft subterranean edging barriers to stop rhizome invasion into adjacent native plant beds.
PLNT-044,Vetiver Grass,Chrysopogon zizanioides,Adapted - Grand Cayman,"Phytostabilization, Phytostimulation.","Slope Instability, Soil Erosion
[Src: PMC 11490803, MDPI 2073-4441]","Features a deep, interlocking root matrix (up to 4m) that provides extraordinary shear strength for geohazard mitigation and steep slope stabilization.","Grand Cayman Engineered Slopes & Calcareous Fill; Full sun, sandy/rocky coastal soils; Very High salt & wind; Dense tussock clump, Plant Height: up to 8–10 ft; Interlocking 10–13 ft root curtain; Max Root Depth: 10–13 ft","6–12 months to full root matrix establishment; sterile inflorescences develop late summer to autumn (Aug–Nov); produces no viable seeds, propagating exclusively by vegetative slips.",Forms dense clumps that can harbor rodents; dry foliage presents a fire hazard if not periodically trimmed.,"<0.5
[Src: Environ. Pollut. 2021, Ecol. Eng. 2023]","BCF < 1 for Pb, Cd, Zn; non-accumulating, ideal for phytostabilization.
[Src: ResearchGate 368550358, Ecol. Eng. 2023]",AM Fungi,"Massive, deep root system turnover and exudation significantly increase soil organic matter and the CEC, particularly in clay and loamy soils.
[Src: Commun. Soil Sci. Plant Anal. 2021, Ecol. Eng. 2023]","Secretes sesquiterpenoids, such as khusimol and vetivone, while its deep root system actively oxygenates the rhizosphere.
[Src: PMC12467945, ResearchGate 368550358]","Local Grasshoppers, Nesting material for small birds",Level 2: MEDIUM — Introduced sterile cultigen verified for Grand Cayman; non-invasive clumping habit with no viable seed. Action: Verify certified sterile germplasm; conduct annual trimming of senescent leaves to mitigate fire-fuel hazards.
,,,,,,,,,,,,,,,,
"NON-CONFIDENTIAL • INTELLECTUAL PROPERTY NOTICE & OPEN DISTRIBUTION POLICY
© 2026 National Healing Sanctuary (NHS) & Chase / Ariana Leacock. All Rights Reserved. Protected under the Berne Convention, WTO TRIPS Agreement Article 39, and International Patent Cooperation Treaty Frameworks.
Official Repository: https://github.com/NationalHealingSanctuary | Distribution Notice: Non-confidential and open to share. Unauthorized field or commercial deployment is strictly prohibited. For inquiries, contact: cal@cibky.org",,,,,,,,,,,,,,,,