Integrated Vegetation Management (IVM) 4-Tier Risk Architecture,,,,,,,,,,,,,,,,,,,,,,,
"Level 1: LOW (Buffer & Groundcover)

  - Core Definition: Low-impact native or naturalized cover species that provide beneficial soil binding, phytoremediation, or swale buffering. They pose minimal threat to capping liners, gas systems, or wildlife biosecurity.
  - Biological Criteria: Non-invasive root systems (shallow rhizomes or fibrous roots); absence of bioaccumulating edible fruit; non-allelopathic (releases no biochemicals that hinder or alter the growth, survival, or reproduction of nearby plants).
  - Operational Field Action: Selective hand-thinning, plant division, or structural pruning executed when biomass encroaches on active drainage capacity or visual sightlines.
  - Action Trigger: Vegetative cover exceeds 30–40% of swale channel volume or encroaches within 5 ft of fence lines or engineered capping liners.",,,,,,,,,,,,,,,,,,,,,,,
"Level 2: MED (Phyto Engine)

  - Core Definition: Primary Phytoremediation Fleet. Major canopy-forming trees and deep-taproot hydraulic pumps deployed to transpire massive groundwater volumes, build clean topsoil, and shade out understory weeds.
  - Biological Criteria: Deep vertical taproots or high-volume lateral root systems operating above or outside capping liners; rapid above-ground biomass accumulation; high evapotranspiration (ET) rates; non-edible foliage and seeds.
  - Operational Field Action: Active mechanical management via scheduled coppicing (""chop & drop""), pollarding, crown shaping, submergence cutting (for aquatic species), and root-barrier containment (60-mil HDPE).
  - Action Trigger: Canopy shade obscures sightlines or monitoring sensors, plant height exceeds storm windthrow thresholds, aquatic stand density exceeds 25% of channel volume, or clump perimeters reach within 6 ft of liner anchor trenches.",,,,,,,,,,,,,,,,,,,,,,,
"Level 3: CRITICAL (Infrastructure Hazard)

  - Core Definition: High-risk infrastructure threats. Non-edible species that actively breach engineered capping liners, trigger methane gas extraction flash fires, collapse perimeter security infrastructure, or produce contact allergens that disrupt field personnel.
  - Biological Criteria:
      - Mechanical Capping Threats: Deep, lignified woody taproots or aggressive lateral root systems capable of penetrating sub-base marl seals, breaching geotextile capping membranes, or fracturing drainage structures.
      - Thermal / Methane Vectors: High-density dry biomass production generating critical fuel loads adjacent to active landfill gas (LFG) extraction wellheads, flare stations, and header pipework.
      - Structural & Spatial Interference: Heavy smothering vines or subterranean rhizomatous mats that invade liner anchor seams, compromise sub-grade drainage channels, or exert mechanical loads on perimeter security barriers and sensor arrays.
      - Workforce Dermatological & Respiratory Hazards: Allelopathic species or plants producing airborne pollen and contact dermatoxins (Parthenium) that present direct occupational health hazards to field crews.
  - Operational Field Action: Targeted biological containment, mechanical extraction, root barrier installation, or vegetative suppression executed before reaching structural maturity.
  - Action Trigger: Vegetative encroachment within 6 ft of liner anchor seams, dry biomass fuel accumulation near LFG wellheads/flares, or physical loading on security barriers and sensor arrays.",,,,,,,,,,,,,,,,,,,,,,,
"Level 4: CRITICAL NOT SAFE (Biohazard / Unsafe)

  - Core Definition: High-hazard species that produce edible fruits, seeds, or berries over chemical or leachate sectors, or hemiepiphytic/buttressed trees that cause catastrophic structural and cap destruction.
  - Biological Criteria: Production of edible biomass that bioaccumulates heavy metals and hydrocarbons into local fauna (birds, bats, iguanas, and humans), or production of destructive aerial drop-roots and buttress plates that fracture marl caps and masonry structures.
  - Operational Field Action: Absolute zero tolerance and strict biosecurity containment. Execution of flush-cutting, bark-flare girdling, double-bagging of seed and fruit pods, UV-stabilized solarization, and light-deprivation stump capping.
  - Action Trigger: Immediate containment and extraction upon emergence at the cotyledon or seedling stage.",,,,,,,,,,,,,,,,,,,,,,,
Haz ID,Common Name,Scientific Name,Risk Priority Level,Plant Database Location,Audit Frequency,Replacement NHS Asset,Plant Mechanism,Primary Infrastructure Threat,Plant Visual Identification Key,Floral Identification Key,Fruit/Berries Produced Key,Root Architecture,Root Growth Time,Regrowth & Seed Bank Persistence,Action Threshold / Trigger Point,Containment & Disposal,Skin Irritant and Any Direct Plant Hazards,PPE & Crew Safety Protocols,Seasonal Removal Window,Extraction Protocol,Wildlife / Aquatic Hazards,Biomass Solarization Duration,Wildlife Attraction
HAZ-011,Water Hyssop / Brahmi,Bacopa monnieri,LOW,Master Plant Database,Monthly (Bi-weekly during wet season growth; 3–7-day nodal rooting),Southern Cattail / Spider Lily,Rhizofiltration / Phytoextraction,"Overgrowth forms dense prostrate benthic mats that can restrict shallow hydraulic swale flow; it hyperaccumulates toxic leachate metals, requiring periodic biomass harvesting.","Prostrate, mat-forming succulent herb with creeping sprawling stems rooting at nodes and pairs of fleshy, oblanceolate, opposite leaves.","Solitary 5-lobed bell-shaped flowers, white to pale lavender-blue, borne on slender axillary pedicels.","Ovoid, 2-grooved capsules (0.16–0.2 in) holding numerous minute oblong seeds; also spreads readily by fragmentation.",Prostrate succulent stoloniferous network rooting copiously at every leaf node; shallow fibrous root system (2–6 in depth) binding saturated sediments.,Nodal rooting establishes in 3–7 days; shallow 2–6 in mat forms within 3–6 weeks.,Rapid vegetative spread from succulent stems rooting at nodes; soil seed bank persists in saturated substrates for 1–2 years (maximum recorded longevity: 3 years).,Thin benthic mats when vegetative cover exceeds 40% of the swale channel or begins restricting designed stormwater flow velocity.,Rake harvested mats onto lined embankments; solarize on gravel pads for 3–4 weeks to desiccate stems before controlled composting.,"Low intrinsic plant toxicity, but tissue hyperaccumulates heavy metals and leachate contaminants; handling requires impermeable barrier gauntlets against chemical absorption.","Chest waders, waterproof gloves, safety glasses.",Dry season (January–April) during nadir of rhizome starch reserves.,Hand-thin and rake prostrate benthic mats using garden rakes or aquatic weed rakes to maintain 50% open channel hydraulic flow; cut stolon runners along swale edges while avoiding sediment gouging.,"Wildlife: Toxic amino acid mimosine causes alopecia, goiter, and toxicity in non-ruminant wildlife and livestock; outcompetes native forage. Aquatic: Displaces native riparian vegetation; nitrogen-fixing alters aquatic nutrient balance and can stimulate algal blooms.",8 weeks,Attracts granivorous birds and insects.
HAZ-079,Clumping Bamboo / Common Bamboo,Bambusa vulgaris,MODERATE,Master Plant Database,Bi-annually (December to February post-wet season harvest; 2–3-month rhizome node growth),Buttonwood / Red Mangrove,Phytoextraction / Phytostabilization,"Massive root crown expansion and heavy culm biomass can breach containment trenches, displace adjoining swale walls, or cause root intrusion if running variants contaminate stock.","Massive clumping woody grass with erect, thick-walled striped culms, prominent swollen nodes, and alternate lanceolate leaf blades.",Rarely blooming; dense clusters of pseudospikelets along nodes of leafless flowering branches.,Caryopsis (grain); extremely rare or absent across multi-decade cycles; reproduces entirely via pachymorph rhizomes.,"Non-invasive pachymorph (sympodial) rhizome matrix; short, thick upward-curving rhizomes (12–24 in depth) forming dense, structural fibrous root networks.",Rhizome nodes establish in 2–3 months; tight structural clump matures in 2–3 years.,Persistent culm resprouting from pachymorph rhizome nodes; rare monocarpic seeds are viable for 0.25–0.5 years (maximum recorded longevity: 1 year); predominantly clonal.,"Prune peripheral canes when clump perimeter extends within 6 ft of drainage swales, liner trenches, or boundary fences.",Chip pruned canes on-site; solarize wood chips in managed windrows under tarps for 6 weeks before routing to carbonaceous composting.,"Dense brown sheath hairs (trichomes) detach readily, causing severe mechanical dermal pruritus and micro-splinter foreign-body granulomas upon handling.","Chainsaw chaps, face shield, heavy work gloves.",Post-wet season (December–February) during planned biennial harvest.,Prune outer peripheral culms flush to base using heavy reciprocating saws or chainsaws; install 60-mil HDPE root barriers (24 in deep) around perimeter to arrest expanding clump footprint toward swales.,Wildlife: Dense allelopathic needle litter suppresses understory forage; creates an ecological desert for native fauna. Aquatic: Destabilizes coastal dunes and shorelines; dense root mats physically impede sea turtle nesting and alter littoral drift.,8 weeks,Attracts few native species.
HAZ-009,Wild Canna / Indian Shot,Canna indica,LOW,"Master Plant Database, Phytostabilization Classic Database, Floating Wetland Treatment",Quarterly (Bi-monthly from April to June post-blooming prior to seed set; 3–4-week rhizome sprouting),Southern Cattail / Water Hyssop,Phytoextraction / Rhizofiltration,Unchecked tuberous rhizome expansion occludes shallow drainage channels and detention swales; it binds contaminants that re-enter sediment if senescent biomass is unmanaged.,"Erect, rhizomatous perennial herb with sturdy unbranched stems and large, broad, banana-like, ovate-elliptic leaves with distinct parallel arching veins.","Asymmetric terminal spikes of vibrant red, scarlet, or orange flowers featuring showy petal-like staminodes.","Warty, 3-valved subglobose capsules opening to reveal hard, round, shiny black spherical seeds ('shot').",Fleshy tuberous subterranean rhizome matrix (4–12 in depth) supporting thick fibrous root clusters; robust perennial network resistant to saturated soils.,Tuberous rhizomes sprout in 3–4 weeks; perennial cluster (4–12 in) forms in 4–6 months.,Vigorous resprouting from thick tuberous rhizomes; hard-coated impermeable seeds remain dormant in soil for 5–10 years (maximum recorded longevity: 20 years).,Thin out clumps when rhizome beds cover >30% of the swale cross-section or obstruct designed surface water runoff channels.,Solarize divided rhizome segments under black plastic sheeting for 4 weeks to neutralize regeneration; compost dried leafy matter on-site.,Low dermal toxicity profile; tough fibrous leaf margins and rigid dried flower stalks present minor mechanical scratch and abrasion hazards.,"Heavy work gloves, safety glasses, waterproof boots.",Late spring (April–June) post-blooming window.,"Perform spading and manual division of dense tuberous rhizome clumps; extract surplus rhizomes with digging forks when vegetative cover exceeds 50% channel cross-section, preserving root beds on embankments.","Wildlife: Prolific seeds contain lethal cellular toxin ricin, presenting acute mortality risks to foraging wildlife and birds. Aquatic: Encroaches on riparian margins and drainage channels, displacing native aquatic vegetation and shading littoral zones.",8 weeks,Attracts pollinators.
HAZ-071,Australian Pine / Beach Sheoak,Casuarina equisetifolia,CRITICAL,Master Plant Database,Monthly (Bi-weekly from November to January prior to cone and seed formation),Buttonwood / Sea Grape,Phytostabilization,"Massive shallow root plates cause catastrophic levered windthrow in storms, tearing open marl capping seals and exposing sub-base waste; allelopathic needle litter halts native cover.","Slender, segmented, jointed pine-needle-like photosynthetic branchlets; tiny whorled scale leaves at joints; rough fissured bark.",Monoecious; slender terminal male spikes (catkins) and small reddish-brown lateral female flower clusters.,"Small, cylindrical woody cone-like structures (0.4–0.9 in) containing winged samara seeds.","Shallow, wide-spreading radial lateral root plate network (33–50 ft radial spread) lacking a central taproot; susceptible to levered windthrow and marl seal disruption.",Lateral roots spread within 6–12 months; full 33–50 ft plate develops in 3–5 years.,Readily resprouts from cut stump collars and root plate; winged samara seeds remain viable in litter for 1–2 years (maximum recorded longevity: 3 years).,"Zero tolerance; eliminate immediately on sight at the sapling stage (<3 ft) or prior to cone formation, especially within 50 ft of marl cap boundaries and fence lines.",Double-bag and remove cones; chip woody slash for on-site high-temperature solarization under plastic sheeting for 6–8 weeks prior to secondary composting; do not leave viable cones on soil.,Profuse airborne pollen is a severe respiratory allergen; rigid needle branchlets and woody cones pose mechanical eye and skin puncture hazards.,"Chainsaw chaps, face shield, heavy work gloves.",Early dry season (November–January) prior to fruit color change.,Execute directional chainsaw felling with crown de-limbing; excavate and grub root-ball plate using backhoe or manual winches without penetrating sub-base marl liner; chip all woody biomass off-site.,"Wildlife: Smothers native nesting trees and forage shrubs; ripe seed arils contain toxic momorcharins harmful to smaller mammals. Aquatic: Smothers emergent wetland plants and clogs banks, causing localized drainage flow restrictions.",6 weeks,Attracts birds and frugivores.
HAZ-076,Princess Vine / Seasonvine,Cissus verticillata,HIGH,Master Plant Database,Monthly (Bi-weekly from September to November prior to berry maturation; 2–4-week drop-root check),Beach Morning Glory / Beach Pea,Phytostabilization,"Heavy canopy blanket smothering and hanging adventitious drop-roots collapse perimeter fencing, compromise overhead monitoring stations, and suppress engineered tree canopies.","Vigorous woody climbing vine with simple ovate-to-heart-shaped serrated leaves, leaf-opposed unbranched tendrils, and hanging red-brown aerial roots.",Tiny 4-merous greenish-yellow to cream flowers arranged in umbel-like cymes opposite leaf nodes.,"Small, globose to obovoid fleshy berries (0.2–0.3 in), green turning glossy black or dark purple; single-seeded.",Woody basal crown with extensive terrestrial laterals and descending adventitious aerial root network; layers upon soil contact to establish auxiliary root systems.,Aerial drop-roots ground in 2–4 weeks; woody auxiliary root crowns develop in 6–12 months.,"Regeneration from the woody base and descending adventitious drop-roots; fleshy berries are spread by birds, with seeds viable for 1–2 years (maximum recorded longevity: 3 years).","Cut and pull down when vine runners reach 5 ft in height on fences, overhead sensors, or canopies prior to berry maturation.",Double-bag purple berries; chip severed woody vine biomass and solarize under heavy black tarps for 4–6 weeks before composting.,"Caustic vine sap and calcium oxalate raphides provoke acute dermal burning, itchy papular rashes, and severe conjunctival inflammation from overhead drips.","Hard hat, face shield, heavy work gloves.",Pre-fruiting window (September–November) before white berries mature.,Sever main woody stems and root crown at ground level; cut hanging aerial drop-roots at 6.6 ft height to desiccate canopy mass; carefully unwind dead vines once brittle without damaging supporting infrastructure.,"Wildlife: Impenetrable floating mats eliminate open water habitat for waterfowl and aquatic fauna. Aquatic: Extreme aquatic hazard; blocks sunlight penetration, causes severe dissolved oxygen depletion (anoxia), and induces catastrophic fish kills.",6 weeks,Attracts some aquatic insects.
HAZ-075,Bermuda Grass / Couch Grass,Cynodon dactylon,HIGH,Master Plant Database,Bi-weekly (Growing season and December to March firebreak monitoring; 5–10-day stolon rooting),Seashore Paspalum / Seashore Dropseed,Phytoextraction / Phytostabilization,"Creeping subterranean rhizomes invade sub-base liner seams and utility trench backfills, clogging perimeter sub-drains and aggressively outcompeting native grass buffers.","Low-growing, creeping turf grass with wiry stolons and rhizomes, short flat grayish-green blades, and hairy ring ligules.",Inflorescence of 3–7 slender finger-like spikes radiating digitately from the stem tip with purplish spikelets.,Minute laterally compressed caryopses (grains); reproduces heavily via extensive creeping stolons and rhizomes.,Dual vegetative stolon and rhizome matrix; subterranean rhizomes penetrate 8–24 in depth while prostrate stolons form an extensive surface network rooting at nodes.,Stolon nodal rooting in 5–10 days; rhizome network reaches 8–24 in depth in 2–4 months.,Aggressive vegetative regeneration from stolon nodes and creeping rhizomes; hard caryopsis seeds persist in soil for 2–5 years (maximum recorded longevity: 10 years).,"Undercut stolons when runners exceed 12 in or encroach within 15 ft of liner seams, concrete ditches, and firebreaks.",Solarize undercut stolons and rhizomes under UV-stabilized clear polyethylene sheets for 6–8 weeks to kill all nodes before composting.,Microscopic silica denticles on leaf margins cause friction cuts; abundant grass pollen induces seasonal allergic rhinoconjunctivitis and contact urticaria.,"Heavy work gloves, safety glasses, face shield.",Dry season (December–March) to mitigate catastrophic fire fuel loads.,"Perform repeated shallow scalping and root undercutting using sod cutters or tillers; solarize exposed stolons under UV-stabilized polyethylene sheets for 6–8 weeks, or install light-blocking permeable geotextile mats over runners.","Wildlife: Forms tall monoculture thickets displacing native fauna habitat; high dry-season fuel load elevates catastrophic fire risk to wildlife. Aquatic: Massive rhizome networks choke drainage swales, canals, and wetland margins, accelerating siltation.",10 weeks,Attracts rodents and birds.
HAZ-081,Water Hyacinth / Common Water Hyacinth,Eichhornia crassipes,CRITICAL NOT SAFE,Master Plant Database,Bi-weekly (1–2-week aquatic root plume; prior to flowering and rainy season),Water Hyssop / Southern Cattail,Rhizofiltration / Phytoextraction,"Forms impenetrable floating mats that occlude stormwater drainage channels and retention culverts, accelerating silting, inducing severe aquatic anoxia, and disabling hydraulic controls.","Free-floating rosette with glossy, rounded leaves supported by spongy, bulbous, air-filled swollen petioles and dark feathery roots.",Terminal spikes of 8–15 showy pale violet-blue flowers; the upper petal features a yellow spot encircled by blue.,"Small 3-valved capsules contain many tiny seeds; the plant rarely sets fruit, predominantly spreading via vegetative offsets.","Free-floating aquatic root system; dense, plumose adventitious fibrous root network extending up to 3.3 ft into the water column for nutrient uptake.",Feathery roots form in 1–2 weeks; full 3.3 ft aquatic plume reached within 1–2 months.,Prolific vegetative reproduction via stoloniferous daughter offsets; long-lived seeds persist in sediment for 15–20 years (maximum recorded longevity: 25+ years).,Zero tolerance; extract immediately upon detection of any floating rosette or within 30 ft of stormwater culverts and drainage channels prior to daughter offset stolon separation.,Deposit harvested mats on bermed impervious drainage pads; solarize under plastic sheeting for 4–6 weeks to completely desiccate stolons and vegetative fragments before controlled composting.,Dense calcium oxalate raphide crystals in swollen petioles cause intense skin itching and mechanical prickling dermatitis; handling wet biomass risks microbial paronychia.,"Chest waders, life vest (PFD), waterproof gloves.",Year-round; monthly skims with high-intensity cleanup prior to rainy season.,"Deploy surface containment booms and extract floating mats via mechanical aquatic skimmers, weed harvesters, or specialized dip nets prior to flowering; ensure complete removal of stolon daughter offsets.","Wildlife: Dense floating mats serve as extensive breeding habitat for mosquito vectors (Mansonia spp.), preventing bird foraging. Aquatic: Covers water surface, severely depressing dissolved oxygen, suppressing submerged macrophytes, and degrading fish habitats.",4 weeks,Attracts mosquitoes.
HAZ-012,Spider Lily / Mangrove Spider-Lily,Hymenocallis latifolia,LOW,Master Plant Database,Quarterly (Monthly from October to December prior to seed capsule ripening; 2–3-month root anchor),Water Hyssop / Red Mangrove,Rhizofiltration / Phytoextraction,Dense bulb colonies can cause localized hydraulic channel constriction or displacement of shallow stone rip-rap; they accumulate contaminants requiring managed thinning.,"Clump-forming perennial herb with a massive subterranean bulb and erect, arching, strap-shaped, leathery, dark glossy green leaves.",Fragrant white spider-like blossoms with long linear recurved tepals and a delicate membranous central cup.,"Large, fleshy subglobose green 3-valved capsules bearing 1–3 large spongy, buoyant green seeds.","Deeply anchored tunicate bulb (4–6 in diam.) seated 8–16 in deep, stabilized by thick contractile cord roots and a dense fibrous basal root network.",Contractile cord roots anchor in 2–3 months; bulb depth (8–16 in) matures in 1–2 years.,Perennial persistence and clump division via deep tunicate bulbs; large buoyant seeds remain viable for 0.25–0.5 years (maximum recorded longevity: 1 year).,Thin and divide bulb clumps when the cluster footprint exceeds 4 ft in diameter or encroaches on rip-rap channels and culvert inlets.,Solarize culled bulb fragments under clear plastic tarps for 4–6 weeks to prevent vegetative rooting; chip foliage for on-site composting.,"Amaryllidaceae alkaloids (lycorine) and calcium oxalate raphides in bulbs and cut stems cause localized skin irritation, burning sensations, and dermal swelling.","Heavy work gloves, safety glasses, waterproof boots.",Late autumn to early winter (October–December) prior to berry ripening.,"Carefully lift and divide overcrowded bulb clumps using trenching spades and garden forks; sever cord roots cleanly, cull damaged bulbs, and replant divided offsets at managed 5 ft spacing to prevent channel constriction.","Wildlife: Outcompetes and displaces endemic coastal flora (Scaevola plumieri), diminishing specialized native insect and reptile habitats. Aquatic: Alters natural coastal sand accretion and dune dynamics; dense beach thickets disrupt coastal shoreline ecology.",8 weeks,Attracts pollinators.
HAZ-070,White Leadtree / River Tamarind,Leucaena leucocephala,CRITICAL,Master Plant Database,Monthly (Bi-weekly during the dry season prior to seed pod maturation),Silver Thatch Palm / Buttonwood,Phytostabilization / Phytoextraction,"Deep woody taproots penetrate and rupture impermeable geotextile capping liners; the species fixes excess nitrogen, altering soil chemistry and triggering secondary weed blooms.",Feathery bipinnate compound leaves with tiny leaflets that fold inward at night; smooth grey-brown bark with lenticels.,Dense globose heads of cream-white flowers with prominent stamens resembling spherical pom-poms.,"Flat, linear-oblong pods (5–7 in), green turning dark brown; pods contain 15–30 flat, shiny brown seeds.",Deep woody taproot system penetrating up to 10–16 ft with extensive lateral branching; aggressively anchors in compacted substrates and punctures capping liners.,2–3 months for taproot establishment; full depth (10–16 ft) reached in 2–3 years.,Aggressive stump and taproot collar resprouting; hard-coated seeds persist in soil seed bank for 10–20 years (maximum recorded longevity: 30+ years).,Zero tolerance; remove immediately on sight at the seedling/sapling stage (<20 in) prior to woody taproot anchoring or flower bud development.,"Double-bag seed pods; perform on-site solarization of chipped woody biomass and foliage under UV-stabilized clear plastic for 6–8 weeks, followed by deep burial or controlled composting away from liners.",Mimosine content in foliage and sap can cause mild contact dermatitis upon prolonged handling; fine wood dust causes mucous membrane irritation.,"Heavy work gloves, face shield, dust mask.",Year-round; priority pre-flowering / dry season before seed pod maturation.,"Hand-pull young seedlings (<20 in), ensuring root collar extraction; for mature stems, fell flush to the ground (<2 in) and install opaque light-deprivation stump caps with root collar girdling to prevent vigorous resprouting.","Wildlife: Frugivorous birds consume berries, vectoring invasion; allelopathic resins and toxic drupes can induce avian and mammalian distress. Aquatic: Invades brackish wetlands and mangrove fringes, displacing native red and black mangroves and degrading estuarine nursery grounds.",8 weeks,Attracts frugivorous birds (vectors).
HAZ-084,Guinea Grass / Green Panic Grass,Megathyrsus maximus,HIGH,Master Plant Database,Monthly (Bi-weekly from November to January prior to spikelet seed release; 4–6-week root anchor),Sawgrass / Bullrush,Phytoextraction / Phytostabilization,"Generates massive tall fuel loads that create extreme fire hazards near gas extraction pipework, while deep root crowns fracture slope retaining berms.","Coarse, densely tufted perennial grass growing in massive tussocks up to 10 ft tall, with broad flat leaves featuring a prominent pale white midrib.","Large open, branched pyramidal panicles (8–16 in long) with green to purple-tinged oblong spikelets.","Small oblong, rugose caryopses freely shatter from open panicles, producing copious airborne seeds.","Dense fibrous root network extending to 5 ft depth, anchored by swollen knotted rhizome matrices forming massive, fire-resistant root crowns.",Fibrous clump anchors in 4–6 weeks; reaches 5 ft depth and knotted crown in 6–9 months.,Vigorous tillering and resprouting from swollen rhizomes and root crowns; prolific shattering seed bank persists for 2–4 years (maximum recorded longevity: 5 years).,Cut back and grub when tussocks reach 24 in in height or within 30 ft of gas pipelines before pyramidal seed panicles mature.,Excavate root crowns and solarize under UV-resistant plastic tarps for 6–8 weeks; shred vegetative foliage for on-site aerobic composting.,Scabrid leaf margins and sharp silicified trichomes cause painful skin lacerations and abrasive rash; dense airborne seed dust induces asthma flares.,"Brush-cutter chaps, face shield, heavy work gloves.",End of rainy season (November–January) prior to spikelet seed release.,"Perform mechanical mowing down to 4 in, followed by manual pick-mattock excavation of knotted root crowns; exhaust vigorous stump resprouts via repeated mechanical scalping and high-temperature solarization tarps during active vegetative growth.",Wildlife: Displaces native grass species and diverse seed sources; creates fine flammable fuels that increase wildfire mortality for ground fauna. Aquatic: Minimal direct aquatic hazard; occasional erosion potential along dry channel berms following fires.,6 weeks,Attracts seed-eating birds.
HAZ-072,Natal Grass / Rose Natal Grass,Melinis repens,HIGH,Master Plant Database,Monthly (Bi-weekly from February to April prior to pink panicle anthesis),Seashore Paspalum / Seashore Dropseed,Phytostabilization,"Highly flammable dense dry-season biomass creates critical flash-fire risks adjacent to landfill gas/methane extraction wells, while surface mats intercept precipitation.","Densely tufted perennial grass with erect, slender stems and narrow, linear, bluish-green to grayish-green leaf blades.","Loose, open panicles covered in soft, silky rose-pink to ruby hairs, turning silver-white as seeds mature.","Small caryopsis enclosed in fluffy, rose-pink to silver-white silky hairy spikelets adapted for wind dispersal.","Shallow, fine fibrous root network concentrated in the upper 4–8 in of soil; dense cespitose tuft anchoring with rapid horizontal tiller root development.",Fibrous tuft establishes in 3–6 weeks; full root crown density reached in 3–5 months.,Rapid tillering from cespitose crown tufts after disturbance; windborne hairy spikelets persist in seed bank for 1–2 years (maximum recorded longevity: 3 years).,Remove when tufts exceed 6 in in diameter or prior to pink panicle anthesis; eliminate all patches within 25 ft of gas wellheads.,Double-bag pink seed heads; solarize uprooted root crowns under clear plastic tarps on gravel for 4–6 weeks prior to standard composting.,Silky seed trichomes cause mechanical eye and upper respiratory tract irritation; fine airborne fluff triggers coughing and mild dermal pruritus during mowing.,"Heavy work gloves, safety glasses, dust mask.",Peak dry season (February–April) to maximize rhizome solar desiccation.,Manually scalp and uproot dense cespitose tufts and root crowns using flat-blade spades or rogue hoes prior to pink panicle anthesis; collect all crown fragments to prevent vegetative tillering.,"Wildlife: Potent sesquiterpene lactone parthenin causes severe contact toxicities, mucosal lesions, and systemic poisoning in grazing wildlife. Aquatic: Allelopathic exudates can leach into shallow runoff swales, inhibiting aquatic macrophyte germination.",6 weeks,Attracts insects.
HAZ-074,Bitter Melon / Cerasee,Momordica charantia,CRITICAL NOT SAFE,Master Plant Database,Bi-weekly from December to April (Flowering and fruit dehiscence; 7–10-day nodal rooting),Sea Purslane / Beach Morning Glory,Phytoextraction,"Aggressive climbing blanket vines smother engineered phytoremediation canopies, halting evapotranspiration pumping and degrading monitoring access pathways.",Slender climbing herbaceous vine with simple tendrils and deeply 5–7-lobed palmately veined leaves with a distinct musky scent.,Solitary 5-petaled pale to deep yellow flowers borne on slender stalks with rounded green bracts.,"Warty, oblong pepo turning bright orange-yellow; it dehisces into 3 valves, exposing seeds encased in scarlet arils.","Shallow, highly branched fibrous root network concentrated in the top 6–12 in of soil; exhibits rapid horizontal surface spread with adventitious nodal rooting.",Fibrous roots establish in 2–4 weeks; adventitious node rooting occurs in 7–10 days.,Rapid vegetative regeneration from stem nodal fragments; aril-coated seeds remain viable in soil bank for 2–3 years (maximum recorded longevity: 5 years).,Zero tolerance; pull immediately on sight upon runner emergence or within 15 ft of engineered infrastructure prior to flowering and orange fruit dehiscence.,"Double-bag fruits and seeds; solarize vine runners and vegetative mats on heavy-gauge polyethylene liners for 4–6 weeks until complete nodal desiccation, followed by controlled composting.","Cucurbitacins and momordicines in vine sap provoke contact dermatitis and erythema; ripe seed arils contain toxic momorcharins, requiring barrier gloves during handling.","Heavy work gloves, safety glasses, long sleeves.",Dry season (December–April) before seed spikelet emergence.,Manually unravel and hand-pull climbing runners from canopy down to soil level; grub fibrous root crowns using hand mattocks; apply localized organic horticultural vinegar spray or install opaque light-blocking ground mulch mats where manual grubbing risks liner disturbance.,"Wildlife: Dense turf mats suppress native broadleaf forb diversity and reduce native pollinator/herbivore foraging niches. Aquatic: Encroaches aggressively into riparian margins and drainage channels, trapping silt and altering wetland littoral edges.",8 weeks,Attracts grazing animals.
HAZ-073,Santa Maria Feverfew / Whitetop Weed,Parthenium hysterophorus,HIGH,Master Plant Database,Bi-weekly from January to March (Anthesis window; 2–4-week taproot anchoring; monthly off-season),Goatweed / Seaside Heliotrope,Phytoextraction,Taproots penetrate protective cover soils while allelopathic root exudates suppress surrounding stabilizing vegetation; airborne pollen and contact toxins incapacitate field maintenance crews.,"Deeply lobed, pale green, fern-like leaves covered in fine glandular hairs, forming a basal rosette before erecting grooved, branched stems.",Small white star-like composite flower heads (0.16–0.2 in) borne in profuse branched terminal panicles.,"Small, dark obovoid cypselae (achenes) shed with 2 sterile florets; exhibits prolific seed bank production.","Rigid, deep central taproot system penetrating 5–6.5 ft with sparse fibrous lateral network; secretes allelopathic root exudates inhibiting neighboring plants.",Taproot anchors rapidly in 2–4 weeks; penetrates 5–6.5 ft within 2–4 months.,Strong basal stem resprouting if crown remains intact; prolific achenes form persistent seed bank for 4–6 years (maximum recorded longevity: 8–10 years).,Zero tolerance; hand-pull at the rosette stage (<4 in) or immediately upon detection before white flower head anthesis.,Double-bag rosettes and flowers on-site; solarize vegetative biomass under sealed plastic sheeting for 6 weeks before deep burial or composting.,"Severe hazard: parthenin and sesquiterpene lactones cause severe allergic contact dermatitis, widespread eczematous eruptions, and acute rhinoconjunctivitis.","Protective suit, respirator, heavy work gloves, safety glasses.",Mid dry season (January–March) during depressed stem sap flow.,"Hand-pull individual rosettes prior to flowering while wearing nitrile under leather gloves and respirators; for dense patches, scalp with sharpened hoes below the root collar and bag immediately to prevent seed shed and allergen release.","Wildlife: Aggressive curtain growth smothers tree canopies, destroying avian nesting sites; acrid oxalate sap irritates browsing fauna. Aquatic: Minimal direct aquatic impact; dead falling vegetative mats can elevate localized organic debris in adjacent swales.",6 weeks,Attracts birds.
HAZ-085,Elephant Grass / Napier Grass,Pennisetum purpureum,CRITICAL NOT SAFE,Master Plant Database,Monthly (Bi-weekly from January to April prior to brown seed head dehiscence),Seashore Paspalum / Bullrush,Phytoextraction / Phytostabilization,"Massive root crowns and creeping rhizomes penetrate sub-base marl barriers, displace concrete drainage swales, and produce dense, high-load dry fuel zones.","Robust, giant clump-forming perennial grass reaching up to 13 ft; broad linear blades with razor-sharp serrated margins and thick fibrous canes.","Dense, bristly cylindrical spike-like panicles, yellowish-brown to purple, up to 12 in long.","Small caryopsis (grain) within bristly cylindrical spikes; the plant sets seed sparsely, spreading mainly by thick rhizomes.","Massive, deep fibrous root network penetrating 5–6.5 ft, anchored by creeping subterranean pachymorph rhizome matrices forming impenetrable root crowns.",Rhizomes root in 4–8 weeks; deep 5–6.5 ft mass develops fully within 6–12 months.,Massive tillering and rapid resprouting from subterranean rhizomes and root crowns; caryopsis seeds persist in soil for 1–2 years (maximum recorded longevity: 3 years).,"Zero tolerance; excavate immediately upon tiller emergence or before culms reach 2 ft (knee height), especially within 10 ft of marl liner caps or concrete drainage swales.","Double-bag bristly seed heads; solarize excavated root crowns, rhizomes, and canes under UV-resistant plastic tarps for 8–10 weeks on gravel pads to prevent vegetative regrowth before composting.",Coarse blade margins with razor-sharp silica micro-serrations cause severe lacerations; stinging foliar trichomes produce mechanical contact dermatitis.,"Brush-cutter chaps, face shield, heavy work gloves.",Dry season (January–April) prior to brown seed pod dehiscence.,Cut tall canes to 6 in with brushcutters; mechanically excavate or pick-mattock root crowns and creeping rhizome mats to 3.3 ft depth to prevent tillering; exhaust emerging regrowth via repeated mechanical scalping and opaque light-blocking tarping.,"Wildlife: Suppresses native seedling succession, establishing fire-prone monocultures that degrade bird and reptile habitats. Aquatic: Heavy biomass accumulation can obstruct drainage swales and shallow waterways, exacerbating sedimentation.",8 weeks,Attracts granivores.
HAZ-067,Water Lettuce / Water Cabbage,Pistia stratiotes,CRITICAL NOT SAFE,Master Plant Database,Bi-weekly (5–10-day root formation; December to March windthrow and flowering window),Duckweed / Water Hyssop,Rhizofiltration / Phytoextraction,"Dense floating clonal mats clog retention basin intake structures, culverts, and open channels, restricting design flow capacity and creating stagnant vector breeding zones.","Free-floating compact rosette of spongy, soft, velvety ribbed leaves with parallel venation and water-repellent hairs.","Minute, inconspicuous unisexual flowers on a single spadix surrounded by a pale green or whitish hairy spathe.",Small green berry-like baccate fruits mature underwater with cylindrical seeds; the plant spreads mainly via daughter stolons.,Free-floating aquatic rosette; extensive plumose feathery adventitious root network (8–20 in depth) anchoring clonal floating mats via stolons.,Feathery roots form in 5–10 days; full 8–20 in aquatic rosette develops in 3–4 weeks.,Rapid clonal proliferation via buoyant stolons and offset rosettes; submerged seeds persist in sediment for 1–3 years (maximum recorded longevity: 5 years).,"Zero tolerance; skim and remove immediately upon sighting single rosettes or floating clusters in stormwater channels, retention ponds, or culverts.",Transfer skimmed rosettes to sealed shore bins; spread onto lined solarization pads under transparent tarps for 3–4 weeks for complete solar desiccation prior to controlled composting.,"Caustic aroid sap containing needle-like calcium oxalate raphides provokes acute dermal itching, burning erythema, and transient contact urticaria upon crushing.","Chest waders, life vest (PFD), waterproof gloves.",Dry season (December–March) to prevent cyclonic windthrow failure.,"Skim floating rosettes using surface pool skimmer nets, perimeter dragline seine nets, or vacuum harvesters before daughter stolon separation; transfer immediately into leak-proof shore bins.","Wildlife: Bioaccumulates heavy metals and leachate contaminants in benthic plant tissues, posing ingestion risks to herbivorous waterfowl. Aquatic: Forms dense creeping benthic mats that constrict low-velocity stormwater swales and outcompete submerged flora.",4 weeks,Attracts pollinators.
HAZ-043,Castor Bean / Castor Oil Plant,Ricinus communis,CRITICAL NOT SAFE,Master Plant Database,Bi-weekly (3–6-week taproot; remove before spiny seed capsule initiation),Buttonwood / Cocoplum,Phytoextraction / Phytostabilization,Deep taproots compromise sub-base cap integrity; prolific toxic seed production (ricin) presents severe biosecurity and workforce health hazards in active management zones.,Large umbrella-like palmate leaves with 7–11 serrated lobes on stout purplish-green hollow stems; prominent peltate leaf attachment.,"Terminal panicles; female flowers with prominent red feathery stigmas at the apex, male flowers with creamy stamens below.","Spiny, globose 3-lobed capsules (green to reddish-purple) splitting to eject mottled toxic seeds with caruncles.",Stout central taproot system penetrating 5–8 ft with dense secondary fibrous lateral network; establishes high anchoring tension in disturbed soils.,Initial taproot forms within 3–6 weeks; reaches 5–8 ft depth in 4–6 months.,Vigorous coppicing and basal resprouting from root crown; toxic seeds with caruncles persist in soil bank for 5–10 years (maximum recorded longevity: 15 years).,Zero tolerance; remove immediately on sight during the early cotyledon or seedling stage (<12 in) before spiny seed capsule initiation.,Double-bag seed spikes for hazardous containment; solarize remaining vegetative biomass under clear plastic sheets on impervious pads for 8 weeks before controlled deep burial or composting away from water.,"Extreme hazard: seeds contain the lethal cellular toxin ricin; sap contains ricinine, causing severe contact dermatitis, blistering, and chemical irritation.","Protective suit, respirator, heavy work gloves, safety glasses.",Year-round; immediate mechanical harvest before daughter stolon detachments.,"Hand-pull saplings using heavy puncture-proof gauntlets while soil is moist to extract entire taproot; for woody specimens, cut at ground level and install light-deprivation stump caps with root collar girdling before spiny seed capsules mature.","Wildlife: Toxic lycorine alkaloids in bulbs and foliage deter herbivory, presenting ingestion hazards to non-adapted fauna; generally beneficial native cover. Aquatic: Overdense bulb colonies can constrict shallow rip-rap stormwater channels and alter localized flow.",6 weeks,Attracts pollinators.
HAZ-086,Beach Cabbage / Beach Naupaka,Scaevola taccada,CRITICAL NOT SAFE,Master Plant Database,Monthly (Bi-weekly from October to December prior to flower bloom and drupe set),Inkberry / Sea Lavender,Phytostabilization,"Aggressive horizontal rooting and dense thickets displace native stabilization species along perimeter containment berms, compromising slope stability and retention profiles.","Dense coastal shrub with thick, succulent, bright yellow-green obovate leaves clustering at branch tips; smooth fleshy green stems.",Characteristic white or cream fan-shaped (half-flower) 5-lobed corollas with purple or brownish central streaks.,"Fleshy, subglobose white drupes (0.4–0.6 in) with a corky, buoyant stone adapted for seawater dispersal.","Extensive, highly flexible horizontal lateral root network penetrating coastal sands (1.5–3.3 ft depth); adventitious rooting along prostrate layered branches.",Layered branch rooting in 1–2 months; full lateral sand network develops in 1–2 years.,Vigorous adventitious layering along prostrate stems and crown resprouting; buoyant drupes persist in sand for 1–2 years (maximum recorded longevity: 3 years).,Zero tolerance; remove immediately at the seedling stage or when lateral prostrate branches spread within 30 ft of perimeter berms and gas vents before white drupes form.,Double-bag fleshy drupes to prevent dispersal; chip prostrate branches and solarize under UV-stabilized heavy sheeting for 6–8 weeks on designated impervious pads before composting.,Succulent stem sap may cause mild contact dermatitis and conjunctival stinging; fine foliage trichomes induce minor upper respiratory irritation during clearing.,"Heavy work gloves, safety glasses, dust mask.",Late wet to early dry season (October–December) before pink florets open.,"Hand-pull seedlings or manually excavate prostrate layered stems and lateral roots using sharpened spades; for mature shrubs, perform flush stump cutting followed by manual crown girdling and light-deprivation stump capping before drupes mature.","Wildlife: Produces dense leaf litter and stinging culm sheath trichomes; provides limited nutritional value to native wildlife. Aquatic: While stabilizing banks, unchecked peripheral clump expansion encroaches on swale profiles and reduces waterway cross-sections.",6 weeks,Attracts moths and pollinators.
HAZ-087,Brazilian Pepper / Christmasberry,Schinus terebinthifolius,CRITICAL NOT SAFE,Master Plant Database,Monthly (Bi-weekly from May to July prior to berry cluster emergence),Buttonwood / Red Birch,Phytostabilization / Phytoextraction,"A dual-tier root system and extensive suckering breach containment berms, crack perimeter retaining curbs, and form impenetrable thickets blocking monitoring access.","Evergreen shrub or small tree with alternate, odd-pinnate leaves featuring a reddish winged rachis and a pungent, peppery aroma when crushed.",Small 5-petaled white flowers clustered in dense axillary panicles; dioecious with yellow anthers.,"Dense clusters of small, globose, bright red aromatic drupes (0.16–0.24 in) with a single grooved seed.",Aggressive dual-tier root system featuring a deep central taproot and dense superficial lateral network; vigorous root suckering extending up to 33 ft.,Taproot anchors in 2–4 months; dual-tier root and sucker network develops in 1–2 years.,Prolific basal crown resprouting and aggressive root suckering; bird-dispersed seeds persist in soil for 0.5–1 year (maximum recorded longevity: 2 years).,Zero tolerance; remove immediately on sight across the entire facility at the rosette/seedling stage (<18 in) before berry cluster emergence and root sucker network expansion.,Double-bag all berry-laden branches for off-site containment; solarize chipped woody debris and root crowns under sealed polyethylene tarps for 8 weeks to deactivate resprouting potential before composting.,"Severe hazard: sap contains volatile urushiol-like alkyl resorcinols and terpenes, inducing acute contact dermatitis, weeping blisters, and severe respiratory distress from chainsaw aerosols.","Protective suit, respirator, heavy work gloves, safety glasses.",Early rosette stage (May–July) immediately following initial seasonal rains.,"Execute directional chainsaw felling flush to the ground, followed by complete cambium ring debarking and affixing opaque light-deprivation stump caps; mechanically excavate surface suckers.","Wildlife: Unmanaged stands form dense monospecific reed beds that reduce biodiversity for open-water foraging birds. Aquatic: Massive clonal rhizome expansion clogs weir spillways, reduces retention volume, and accelerates canal eutrophication and shallowing.",6 weeks,Attracts wetland birds.
HAZ-010,Southern Cattail / Cumbungi,Typha domingensis,MODERATE,"Master Plant Database, Floating Wetland Treatment",Quarterly (Monthly from February to April prior to cottony seed release; 4–6-week rhizome spread),Bullrush / Sawgrass,Phytoextraction / Rhizofiltration,"Aggressive clonal rhizome mats cause severe hydraulic blockage in wetland cells, occluding weir spillways, reducing water retention capacity, and elevating sediment accumulation.","Tall, robust emergent wetland perennial forming dense colonies, featuring flat, narrow, strap-like linear leaves exceeding 6–9 ft in height.","Dense cylindrical spike: slender yellowish male spike above, separated by a bare stem gap from the brown female spike below.","Minute spindle-shaped nutlets/achenes attached to long silky hairs, dispersing in cottony masses from brown spikes.",Extensive horizontal creeping rhizome matrix penetrating 12–31 in into subaqueous sediments; dense fibrous adventitious root network drives rapid clonal expansion.,Rhizomes creep horizontally in 4–6 weeks; subaqueous sediment mat (12–31 in) develops in 6–12 months.,Aggressive vegetative expansion from creeping rhizome mats; microscopic airborne seeds persist in wetland mud for 5–10 years (maximum recorded longevity: 15 years).,Thin emergent stands when reed colonies cover >25% of wetland cell surface area or before brown cylindrical spikes release seeds.,"Spread harvested culms and rhizome mats on upland liners; solarize for 4–6 weeks until rhizomes desiccate, then transfer to controlled composting.","Copious windborne seed fluff and pollen cause allergic conjunctivitis and occupational asthma; stiff, fibrous blade margins cause paper-cut abrasions.","Chest waders, life vest (PFD), waterproof gloves, dust mask.",Dry season (February–April) during low-flow canal maintenance.,Mechanically harvest emergent vegetative biomass by cutting culms 4–6 in beneath water surface to asphyxiate rhizome network; excavate dense rhizome mats with mini-excavator to clear weir spillways.,"Wildlife: Low toxicity; can outcompete native riparian herbs and alter insect forage diversity. Aquatic: Unmanaged tuberous rhizome expansion occludes shallow drainage channels and detention swales, trapping sediment and restricting stormwater runoff.",4 weeks,Attracts birds.
HAZ-080,Saltbush / Broombush Falsewillow,Baccharis dioica,LOW,Master Plant Database,Bi-annually (November to January cool/dry window prior to pappus seed dispersal; 3–6-month root anchor),Buttonwood / Bay Cedar,Phytostabilization / Phytoextraction,Woody taproots and dense laterals may encroach on subsurface containment liners or obscure perimeter fence line security sightlines if unpruned.,"Rigid, erect coastal shrub with dense resinous green foliage, small leathery oblanceolate leaves, and finely ridged striate branches.",Dioecious; small whitish to pale yellow discoid heads arranged in dense terminal corymbose clusters.,"Small, 10-ribbed cylindrical achenes (cypselae) topped with a prominent white bristly pappus for wind dispersal.",Extensive woody taproot network with deep anchoring taproot and halotolerant lateral root spread (3.3–6.5 ft depth) stabilizing coastal saline substrates.,Woody taproot anchors in 3–6 months; lateral root network (3.3–6.5 ft depth) develops in 2–3 years.,Moderate basal crown resprouting following cutting; wind-dispersed pappus-bearing achenes remain viable in sand for 1–2 years (maximum recorded longevity: 3 years).,Prune or clear when the shrub canopy encroaches within 5 ft of liner anchor trenches or blocks perimeter fence line security sightlines.,Chip woody prunings into mulch; solarize in piles under clear UV tarps for 4 weeks prior to controlled on-site composting or reuse.,Sticky resinous leaf exudates and pollen cause mild contact dermatitis and rhinitis in sensitive personnel; dry rigid twigs present eye puncture risks.,"Heavy work gloves, safety glasses, face shield.",Annual cool/dry maintenance window (November–January).,"Perform selective structural pruning using bypass loppers and hand saws to maintain open security lines-of-sight; for specimens encroaching on liner anchor trenches, perform directional pruning and root trimming.",Wildlife: Resinous leaves have low palatability; unmanaged dense thickets can reduce open foraging lanes for coastal ground birds. Aquatic: Native stabilizer of saline marshes; minimal hazard unless excessive growth impedes tidal culvert flushing.,4 weeks,Attracts insects.
HAZ-088,Sea Grape / Baygrape,Coccoloba uvifera,CRITICAL NOT SAFE,Master Plant Database,Monthly (Bi-weekly from March to May prior to purple fruit set; 3–6-month taproot anchor),Buttonwood / Red Birch,Phytostabilization / Phytostimulation,"Fleshy edible fruit bioaccumulates heavy metals and leachate toxins, creating an ecological toxic sink for birds, bats, and iguanas; lateral cable roots disrupt perimeter marl capping.","Spreading coastal shrub or tree with large, stiff, leathery, round or kidney-shaped leaves featuring prominent red veins and smooth grey bark.","Small, fragrant greenish-white flowers densely arranged on long, slender drooping racemes (6–12 in).","Drooping clusters of fleshy, globose purple drupe-like fruits (0.4–0.8 in) formed by a swollen calyx around a hard seed.","Stout central taproot supplemented by an extensive, wide-spreading horizontal lateral cable root network (16–26 ft radius); high wind resistance with sand-binding capacity.",Taproot anchors in 3–6 months; lateral cable roots (16–26 ft radius) develop over 3–5 years.,Strong basal stump coppicing and branch layering in sand; bird- and mammal-dispersed seeds remain viable in coastal drift for 0.5–1 year (maximum recorded longevity: 2 years).,"Pull saplings before they reach 2 ft in height or immediately on sight when flower racemes form, prior to purple fruit set.",Double-bag fruit clusters; chip woody branch material and solarize under UV-resistant plastic sheeting for 6–8 weeks before composting.,Sap and fruit tannins cause mild astringent dermal drying and itching; leathery leaf surfaces collect mold and irritant scale insect debris.,"Chainsaw chaps, face shield, heavy work gloves.",Pre-fruiting window (March–May).,Perform low-stump chainsaw felling (<4 in above grade) prior to flowering; girdle outer bark flare and secure heavy opaque light-deprivation caps over stump; avoid aggressive root grubbing near marl capping.,"Wildlife: Critical bioaccumulation risk: edible drupes absorb leachate metals, creating an ecological toxic sink for foraging birds, bats, and native iguanas. Aquatic: Native dune stabilizer, but unmanaged shoreline overgrowth can impede storm wrack turnover.",8 weeks,Attracts birds and iguanas.
HAZ-089,Tropical Almond / Broadleaf,Terminalia catappa,CRITICAL NOT SAFE,Master Plant Database,Monthly (Bi-weekly from December to March prior to nut drop; 4–8-month taproot establishment),West Indian Mahogany / Buttonwood,Phytostabilization / Phytoextraction,Lipid-rich nuts bioaccumulate persistent hydrocarbons and heavy metals into trophic food webs; massive horizontal buttress roots fracture pavement and sub-base liner layers.,"Large tiered pagoda-branched tree with distinctive horizontally arranged whorled branches and broad, obovate, leathery leaves that turn bright red or yellow before shedding.","Small, inconspicuous greenish-white flowers on slender axillary spikes; male flowers are at the apex and bisexual flowers near the base.","Flattened, ellipsoid fibrous drupes (2–2.8 in), green to purplish-red; thick buoyant husk encases an oily edible nut.",Prominent central taproot system supported by massive horizontal buttress-forming lateral cable roots (depth 3.3–6.5 ft); extensive root network competing for topsoil moisture.,Central taproot establishes in 4–8 months; horizontal buttress roots expand over 3–5 years.,Vigorous coppice and epicormic resprouting from the trunk base; fibrous buoyant drupes remain viable in soil and drift for 1–2 years (maximum recorded longevity: 3 years).,Zero tolerance; remove immediately on sight at the sapling stage (<3 ft) before buttress root formation or nut drop occurs.,Double-bag nuts and drupes for secure disposal; chip woody branches and solarize under heavy plastic tarps for 8 weeks before composting.,High tannin concentrations in leaves and bark cause mild contact irritation; fallen fibrous drupes and heavy branches create impact hazards.,"Chainsaw chaps, face shield, heavy work gloves.",Dry season (December–March) prior to mature nut drop.,Execute directional chainsaw felling followed by mechanical stump grinding to 8 in below grade; girdle remaining root flare and seal under heavy-duty light-deprivation cap; hand-pull emerging saplings (<20 in) including entire taproot.,"Wildlife: Oily nuts bioaccumulate hydrocarbons and heavy metals, transferring contaminants into foraging fruit bats and birds. Aquatic: Copious fallen leaves release heavy tannin concentrations, acidifying water retention basins and depressing aquatic dissolved oxygen.",8 weeks,Attracts bats and birds.
HAZ-090,Cocoplum / Paradise Plum,Chrysobalanus icaco,CRITICAL NOT SAFE,Master Plant Database,Monthly (Bi-weekly from April to June prior to drupe maturation; 2–4-month root mat check),Buttonwood / Sea Purslane,Phytoextraction / Phytostabilization,"Edible fruit transfers toxic leachate constituents into native wildlife (birds, iguanas, crabs); dense shallow root matting can heave porous drainage structures.","Dense evergreen shrub or small tree with stiff, glossy, alternate, rounded-to-obovate dark green leaves and smooth, reddish-brown bark.",Small 5-petaled cream to greenish-white bell-shaped flowers clustered in short axillary cymes.,"Fleshy, subglobose drupes (0.8–1.6 in) with white, pink, or dark purple skin and sweet spongy flesh surrounding a ridged stone.","Dense, fibrous, highly branched shallow-to-medium root network (12–24 in depth) forming protective subterranean root mats with occasional basal suckers.",Fibrous root network establishes in 2–4 months; dense mat (12–24 in depth) forms in 1–2 years.,Prolific basal sprout and root sucker regeneration after cutting; fleshy drupes persist in the wetland seed bank for 1–2 years (maximum recorded longevity: 3 years).,Prune or excavate when encroaching within 15 ft of drainage structures or immediately on sight prior to drupe maturation.,Double-bag fleshy drupes to prevent wildlife consumption; solarize chipped vegetative cuttings under clear plastic for 6 weeks before composting.,Astringent bark and unripe fruit tannins cause minor skin tightness and mild contact rash; dense rigid twig branching creates eye scratch hazards.,"Heavy work gloves, face shield, safety glasses.",Pre-fruiting window (April–June) prior to fleshy drupe maturation.,"Perform mechanical uprooting using mini-excavator bucket thumb or winch for dense clusters; for isolated woody shrubs, perform flush cutting and girdle lower bark collar followed by light-deprivation capping before drupe maturation.","Wildlife: Significant vector risk: palatable fruit transfers bioaccumulated leachate contaminants into native wildlife (birds, land crabs, iguanas). Aquatic: High bank stabilization value; overhanging branches deposit organic detritus into shallow detention ponds.",6 weeks,Attracts birds and iguanas.
HAZ-091,Wild Fig / Short-leaf Fig,Ficus aurea & Ficus citrifolia,CRITICAL NOT SAFE,Master Plant Database,Monthly (Bi-weekly from December to April prior to peak syconia fruiting; 3–6-month drop-root grounding),Cayman Ironwood / Red Birch,Phytostabilization,"Destructive hemiepiphytic aerial drop-roots encase and crush drainage masonry, pipework, and liners; fruiting creates primary vector pathways for bioaccumulated toxins into fauna.","Hemiepiphytic strangler tree with aggressive descending aerial drop-roots, anastomosing root mesh wrapping host trees, and thick, leathery, glossy elliptic leaves.",Minute reduced flowers enclosed entirely within an internal hollow receptacle cavity (syconium).,"Fleshy, globose syconia (figs, 0.3–0.5 in), green ripening to yellow or dark red-purple with red spots; heavily eaten by fauna.","Aggressive aerial strangler root system; initiates hemiepiphytically, sending descending aerial roots that fuse into anastomosing pseudo-trunks and invasive lateral cable roots.",Aerial drop-roots ground in 3–6 months; fused woody pseudo-trunks develop over 2–4 years.,Aggressive hemiepiphytic resprouting and anastomosing aerial roots; bird- and bat-ingested seeds remain viable for 0.5–1 year (maximum recorded longevity: 2 years).,"Zero tolerance; sever immediately on sight upon emergence of aerial roots or seedlings on structures, pipes, or liner edges.",Double-bag syconia fruits; solarize severed aerial roots and woody branches under clear UV sheeting for 6–8 weeks prior to composting.,"Caustic milky latex contains ficin proteolytic enzymes and furocoumarins, causing severe phototoxic contact dermatitis and chemical blistering.","Chainsaw chaps, face shield, heavy work gloves.",Year-round; priority dry season (December–April) before peak syconia fruiting.,Window-cut and sever aerial pseudo-trunks and drop-roots at waist height; debark cut margins and install light-blocking collar wraps to halt regeneration; peel adhering roots gently to avoid masonry failure.,Wildlife: Primary ecological vector: heavily consumed syconia transfer bioaccumulated toxins directly to fruit bats and avifauna; irritant latex harms eyes. Aquatic: Minimal direct aquatic hazard; fallen fruit debris causes localized water enrichment in drains.,8 weeks,Attracts bats and birds.
HAZ-092,Noni / Indian Mulberry,Morinda citrifolia,HIGH,Master Plant Database,Monthly (Continuous year-round prior to pungent syncarp fruit maturation),Buttonwood / Cocoplum,Phytoextraction / Phytodegradation,"Continuous pungent fruiting draws foraging bats and birds into contamination zones, bioaccumulating leachate metals; stout woody taproots risk puncturing clay cap seals.","Evergreen small tree or shrub with prominent 4-angled stems and large, glossy, dark green, broadly elliptic leaves with deeply impressed veins.","Small, fragrant tubular white 5-lobed flowers clustered together on a dense globose fleshy stalked head.","Large, warty syncarps (2–4 in), greenish-white to translucent white when ripe, with a foul pungent odor and embedded seeds.",Substantial woody taproot network reaching 5–8 ft depth with fibrous lateral feeding roots; persistent basal root crown anchoring with drought resilience.,Taproot reaches 3.3–5 ft in 6–12 months; full 5–8 ft depth anchors in 2–3 years.,Persistent resprouting from woody taproot crown and trunk collar; pungent syncarp seeds persist in littoral soil for 1–2 years (maximum recorded longevity: 3 years).,Uproot saplings (<2 ft) immediately on sight or before fragrant white flower clusters develop into pungent syncarp fruits.,Double-bag pungent syncarp fruits for containment; solarize woody branches and root crowns under sealed tarps for 6–8 weeks before composting.,"Fetid volatile fatty acids and anthraquinones from decomposing fruit produce nausea, respiratory discomfort, and mild contact dermatitis.","Chainsaw chaps, heavy work gloves, respirator.",Year-round; continuous monthly removal prior to pungent syncarp fruit maturation.,"Hand-pull young saplings (<3.3 ft) using weed wrenches to pull entire taproot; for mature specimens, fell with chainsaw at ground line, debark root flare cambium, and secure heavy opaque light-deprivation caps.","Wildlife: Continuous pungent syncarp production acts as an ecological trap, luring foraging bats and birds into active leachate zones and bioaccumulating heavy metals. Aquatic: Minimal direct aquatic hazard; rotting fruit masses degrade stagnant canal water quality.",8 weeks,Attracts birds and insects.
HAZ-093,Jamun / Java Plum,Syzygium cumini,CRITICAL NOT SAFE,Master Plant Database,Monthly (Bi-weekly from March to May prior to dark purple berry maturation; 3–6-month taproot anchor),West Indian Mahogany / Buttonwood,Phytoextraction / Phytostabilization,"Deep taproots (>10 ft) breach engineered sub-base containment; copious edible berries attract bats and birds, vectoring heavy metals and toxins into regional ecosystems.","Large dense evergreen tree with smooth grayish-white bark and opposite, leathery, oblong-ovate leaves emitting a faint turpentine scent when crushed.",Fragrant greenish-white blossoms with prominent protruding stamens arranged in branched panicles.,"Oblong-ovoid berries/drupes (0.6–1.4 in), shiny green ripening to dark purple-black, with juicy astringent pulp and 1 large seed.",Massive deeply penetrating woody taproot network (>10 ft depth) accompanied by extensive horizontal lateral surface roots and vigorous suckering capacity.,Taproot initiates in 3–6 months; deep >10 ft system and lateral network mature in 3–5 years.,"High coppice potential from cut stumps and surface roots; recalcitrant seeds germinate rapidly, persisting in soil for 0.25–0.5 years (maximum recorded longevity: 1 year).",Zero tolerance; fell and excavate immediately on sight at the sapling stage (<3 ft) before taproot anchoring or berry cluster maturation.,Collect and double-bag all berries; chip woody slash and solarize under UV-stabilized tarps for 8 weeks before controlled composting.,Astringent dark berry juice and tannins cause heavy skin staining and mild dermal irritation; rotting fruit masses create severe slip hazards.,"Chainsaw chaps, face shield, heavy work gloves.",Pre-fruiting window (March–May) prior to dark purple berry maturation.,Execute directional chainsaw felling flush with grade; mechanically girdle outer cambium ring down 4 in below soil line and clamp opaque light-deprivation stump cap; mechanically grub lateral sucker roots.,"Wildlife: Major trophic vector: prolific sweet berries attract bats, birds, and feral mammals, spreading bioaccumulated leachate contaminants regionally. Aquatic: Decomposing fruit and heavy leaf litter release tannins and elevate biochemical oxygen demand in canals.",8 weeks,Attracts birds and mammals.
HAZ-094,Inkberry / Beachberry,Scaevola plumieri,HIGH,Master Plant Database,Monthly (Bi-weekly from April to June prior to fan-flower bloom and drupe set; 3–6-week runner rooting),Sea Purslane / Sea Lavender,Phytostabilization,Fleshy maritime drupes bioaccumulate soil contaminants into coastal avian and crab populations; creeping adventitious stems disrupt engineered sand berm embankments.,"Low, compact succulent coastal dune shrub with creeping prostrate stems and crowded, thick, glossy, spoon-shaped (spatulate) leaves clustered at stem tips.","Distinctive white 5-lobed fan-shaped (half-flower) blossoms with a yellowish throat, borne in leaf axils.","Fleshy, smooth globose drupes (0.4–0.6 in), green ripening to glossy black or purple, with white succulent pulp and a stone.",Fleshy succulent lateral root network with specialized sand-binding adventitious roots; creeping prostrate stems root at nodes to form stabilizing dune mats.,Prostrate stems root adventitiously in 3–6 weeks; stabilizing dune network develops in 1–2 years.,Clonal spreading via prostrate stems rooting at nodes; fleshy buoyant drupes persist in maritime dune seed banks for 1–2 years (maximum recorded longevity: 3 years).,Grub prostrate runners when spreading within 15 ft of dune works or immediately prior to fan-flower bloom and black drupe set.,Double-bag maritime drupes; solarize prostrate vegetative stems and nodes under heavy plastic on lined pads for 4–6 weeks before composting.,Succulent stems produce mild sap irritants triggering localized cutaneous redness and stinging; slippery crushed fruit creates underfoot traction risks.,"Heavy work gloves, safety glasses, knee pads.",Pre-fruiting window (April–June) prior to fan-flower bloom and black drupe set.,Manually uproot and grub prostrate rooting stems using hand mattocks prior to fruit set; trace lateral runners to root crown to ensure zero vegetative node fragments remain in sand substrate.,Wildlife: Fleshy maritime drupes bioaccumulate soil contaminants into coastal birds and crab populations; berries are mildly toxic if ingested in quantity. Aquatic: Adventitious runners can encroach on engineered dune swales and coastal drainage outfalls.,6 weeks,Attracts birds.
HAZ-095,Autograph Tree / Pitch-Apple,Clusia rosea,CRITICAL NOT SAFE,Master Plant Database,Monthly (Bi-weekly from December to April prior to sticky seed capsule ripening; 2–5-month drop-root check),Buttonwood / Silver Thatch Palm,Phytostabilization / Phytoextraction,"Hemiepiphytic stilt roots and aerial drop-roots girdle infrastructure, crack concrete retaining walls, and penetrate liner caps; sticky seeds vector pollutants to birds and bats.","Hemiepiphytic spreading tree with thick, paddle-shaped, leathery, dark green succulent leaves, robust aerial stilt roots, and yellow milky sap.","Large, showy waxy flowers with 6–8 broad pink-and-white petals and a prominent central stamen cluster.","Thick, leathery globose green capsules (2–3.1 in) splitting star-like to expose black seeds embedded in sticky scarlet arils.",Aggressive hemiepiphytic and terrestrial root system; descending aerial drop-roots form an expanding stilt root network that swells to girdle host infrastructure.,Aerial drop-roots ground in 2–5 months; swelling stilt roots and girdling network mature in 2–4 years.,Aggressive adventitious resprouting from aerial roots and cut stumps; sticky bird-dispersed seeds persist for 1–2 years (maximum recorded longevity: 3 years).,"Zero tolerance; sever stilt roots and fell immediately on sight from any structure, fence, or host tree before capsule ripening.",Double-bag sticky seed capsules; solarize aerial roots and vegetative cuttings under clear plastic sheets for 8 weeks before composting.,"Copious yellow latex and sticky aril resins cause severe chemical contact dermatitis, skin blistering, and eye irritation; resin adheres tenaciously to skin and PPE.","Chainsaw chaps, face shield, heavy work gloves.",Year-round; priority dry season (December–April) before sticky seed capsule ripening.,"Sever all aerial drop-roots and lateral girdling roots at host junction; execute flush collar cuts on main stems, girdle bark ring, and install heavy light-deprivation caps to prevent aggressive adventitious resprouting.","Wildlife: Sticky resinous seeds adhere to avifauna and bats, vectoring pollutants off-site; toxic latex and resins cause mucosal and dermal injury to wildlife. Aquatic: Minimal direct aquatic impact; root intrusion into drainage culvert headwalls disrupts flow.",8 weeks,Attracts birds and bats.
HAZ-096,Cabbage Tree / Blolly,Guapira discolor,CRITICAL NOT SAFE,Master Plant Database,Monthly (Bi-weekly from March to May prior to red anthocarp ripening; 6–12-month taproot penetration),Cayman Ironwood / Red Birch,Phytostabilization,"Fleshy red-black anthocarps attract wildlife into leachate-exposed zones, vectoring contaminants off-site; deep woody taproots compromise marl capping barriers.","Dense coastal hardwood tree or shrub with smooth pale bark, brittle branches, and opposite, elliptic-to-obovate, shiny, leathery dark green leaves.","Dioecious; small, apetalous greenish-yellow tubular flowers arranged in branched terminal cymes.","Fleshy, ribbed oblong-ellipsoid anthocarps (0.24–0.35 in), green turning bright red to dark reddish-black upon maturity.","Well-developed woody taproot network penetrating rocky marl substrates, complemented by spreading lateral cable anchor roots providing windward structural stability.",Woody taproot penetrates substrate in 6–12 months; lateral anchor roots stabilize in 2–4 years.,Moderate stump resprouting from lignotuberous base; bird-dispersed anthocarps remain viable in calcareous soil for 1–2 years (maximum recorded longevity: 3 years).,Zero tolerance; fell and excavate saplings (<3 ft) immediately on sight before taproot marl penetration or red anthocarp ripening.,Double-bag anthocarp fruits to eliminate wildlife attraction; chip woody biomass and solarize under plastic tarps for 6–8 weeks before composting.,"Brittle wood fractures under load, creating flying debris hazards; stem sap and crushed anthocarps contain mild organic irritants causing transient pruritus.","Chainsaw chaps, face shield, heavy work gloves.",Pre-fruiting window (March–May) prior to red anthocarp fruit ripening.,"Execute directional chainsaw felling followed by bark flare girdling and opaque light-deprivation stump capping; hand-pull saplings (<3.3 ft) with root jacks, preserving intact capping marl underneath.","Wildlife: Fleshy red-black anthocarps lure native avifauna into leachate-exposed remediation zones, serving as a vector pathway for off-site pollutant transfer. Aquatic: Minimal direct aquatic hazard; native species adapted to calcareous coastal limestone.",8 weeks,Attracts birds.
"Detailed Protocol: The ""Chop & Drop"" Biosecurity Method

1. The Biological Anchor (Hurricane & Erosion Control)
Unlined landfill slopes face severe erosion risks during the rainy season and catastrophic wind-shear risks during tropical cyclones. Allowing deep-taproot trees to grow a full canopy creates a ""sail effect,"" where high winds can uproot the tree and expose toxic subterranean sectors. The NHS Solution: We preserve the living root mass underground to stabilize the soil, but mechanically remove the top-growth. The living roots hold the slope together, but without a canopy, the wind passes harmlessly over the sector.

2. Absolute Biosecurity (The Zero-Fruiting Mandate)
Unmonitored plant growth on a chemical site inevitably leads to the production of wild fruits, seeds, and root vegetables which are consumed by local wildlife or unknowingly harvested by humans. The NHS Solution: Target species are maintained in a perpetual ""juvenile vegetative state."" Because the top-growth (whips and shoots) is routinely slashed back to the stump before the plant reaches sexual maturity, the site is rendered biologically incapable of producing fruit. Heavy metals remain locked underground in the roots, and the above-ground food chain remains entirely uncontaminated.

3. Mechanical Execution (Non-Toxic Top-Growth Management)
To maintain the subterranean grid without introducing secondary chemical contamination to the groundwater, site practitioners will follow mechanical-only IVM guidelines:
- Routine Slashing: Green shoots and suckers are allowed to grow just enough to act as solar panels to keep the root mass alive. Once or twice a year, these shoots are mechanically slashed back to the stump.
- Chop and Drop Biomass: Slashed green material (having been tested to confirm it is free of heavy-metal translocation) is left directly on the ground. As this clean organic matter decomposes, it rapidly builds a safe, healthy layer of topsoil over the hazard zone, accelerating the phytostabilization process.
- Stump Desiccation (If Eradication is Required): If a specific stump must be permanently neutralized without toxic herbicides, practitioners will utilize light-deprivation (heavy UV-blocking tarps) or localized Epsom salt desiccation to safely rot the root mass in place.",,,,,,,,,,,,,,,,,,,,,,,